AdaBoostClassifier,DecisionTreeClassifier,GaussianNB,GradientBoostingClassifier,KNeighborsClassifier,LogisticRegression,MLPClassifier,RandomForestClassifier,SVC,class
0.201864049595465,1.0,0.861965169926906,0.64449043413753,0.4,0.29218581185655496,0.7059490642675202,0.43,0.45292760502881135,XGBRegressor
0.201864049595465,1.0,1.0,0.9648447255351217,0.6,0.2455436591475759,0.7419282823902985,0.71,0.4586763212999931,XGBRegressor
0.20248125264099254,1.0,0.9998805161626584,0.9696723195036531,0.6,0.34287343905179457,0.995199715252376,0.82,0.45454345227578846,HUBERREGRESSOR
0.2289832166145076,1.0,0.9999923126285389,0.9559174647622988,0.8,0.5105308678826663,0.9637475104994359,0.98,0.45276958486339847,LinearSVR
0.2289832166145076,1.0,0.9713826581456347,0.986212214714145,0.6,0.6111853596516311,0.9999997785710755,0.81,0.43305764261449003,XGBRegressor
0.2289832166145076,1.0,0.9999974771338308,0.9899292306144296,0.8,0.6125637144345616,0.9996968435531659,0.99,0.4580572460285544,HUBERREGRESSOR
0.201864049595465,1.0,0.999999999386759,0.9831198490805149,0.6,0.28276888606398565,0.9995602057512376,0.91,0.45367445733617967,LASSO
0.201864049595465,1.0,0.9999999983173495,0.9031252337507202,0.6,0.2982167587660696,0.8041706370822591,0.62,0.45197371076161,XGBRegressor
0.201864049595465,1.0,0.9999999999852491,0.8450838454310041,0.4,0.2905987071113708,0.5012778120964284,0.67,0.4519625237106651,LinearSVR
0.201864049595465,1.0,1.0,0.8724552226035274,0.4,0.27487574734452447,0.8221105855399816,0.77,0.453004018947012,LinearSVR
0.201864049595465,1.0,0.9999999991570547,0.9680666441372799,0.8,0.36617197885554176,0.9999999861940663,0.96,0.45534957146860755,HUBERREGRESSOR
0.2870877114908414,1.0,0.9983968819512743,0.9659817308602222,0.4,0.3262020078797675,0.9997245972782041,0.81,0.4539726592282284,XGBRegressor
0.201864049595465,1.0,1.0,0.9328115452161545,0.4,0.2792540886503083,0.5099982924950889,0.7,0.45295400160884874,XGBRegressor
0.20918506410357215,1.0,0.5091694543170568,0.991837688724036,0.6,0.6414107146669096,0.999998158935167,0.96,0.4567419884295841,LASSO
0.201864049595465,1.0,0.9999999999966462,0.8721878383214842,0.4,0.28595516078809263,0.9937684005566824,0.62,0.4530184152244941,XGBRegressor
0.20918506410357215,1.0,0.9999976655248695,0.987758862854296,0.6,0.6533152080210891,0.9997024325347927,1.0,0.45647154879184665,XGBRegressor
0.201864049595465,1.0,0.5848874659032838,0.9303158922356167,0.8,0.2885834927579321,0.7598424258050986,0.62,0.45897611747933875,LinearSVR
0.201864049595465,1.0,1.0,0.8401905076033896,0.6,0.33188541854866427,0.9999820392540035,0.61,0.454377214812403,XGBRegressor
0.201864049595465,1.0,0.9882719773247556,0.6084637078127997,0.6,0.43782312144378427,0.980682641074919,0.54,0.45180630187076454,LinearSVR
0.201864049595465,1.0,0.9999999999998863,0.9457450182669725,0.4,0.2975731468477475,0.9098624087207317,0.83,0.4525284350122481,QUANTILEREGRESSOR
0.20248125264099254,1.0,0.999999905328214,0.891878126210411,0.4,0.34009171929916276,0.7431403373937654,0.73,0.4531300604618042,XGBRegressor
0.20918506410357215,1.0,0.999956574242354,0.8034176087022714,0.4,0.6705420073335011,0.9986928486184876,0.59,0.46191554277314073,LinearSVR
0.20918506410357215,1.0,0.9977291009712145,0.9715160425044671,0.8,0.25059924751988866,1.0,0.85,0.44266916288196134,XGBRegressor
0.2870877114908414,1.0,0.999999943533483,0.9427832228000959,0.6,0.40652462508933035,0.9999999999999785,0.77,0.4455493467775629,HUBERREGRESSOR
0.201864049595465,1.0,0.9999999999996163,0.915676684075666,0.8,0.26415777491359377,0.6612957381993828,0.71,0.45510347024438264,HUBERREGRESSOR
0.201864049595465,1.0,0.9999999688994028,0.9917889938518537,0.6,0.37051199749612973,0.999999981268051,0.9,0.4557991515413072,HUBERREGRESSOR
0.201864049595465,1.0,0.9988960600739588,0.9087105758817486,0.6,0.5217501634624636,0.9993466236669927,0.76,0.45203711702864224,LASSO
0.2289832166145076,1.0,0.9985117062031564,0.9848403238893652,0.4,0.5738644654293739,0.9990341481717786,1.0,0.4525873541661918,XGBRegressor
0.201864049595465,1.0,1.0,0.8624095805051895,0.4,0.27369468798390484,0.811644332338559,0.73,0.45300363674956684,ELASTICNETCV
0.201864049595465,1.0,0.9999999999799059,0.8924170377401612,0.4,0.2823459660540924,0.9501234420307897,0.64,0.4531968755694635,HUBERREGRESSOR
0.20248125264099254,1.0,1.0,0.852928641869128,0.4,0.28477494373653317,0.9196639270170749,0.67,0.45250965666595777,LASSO
0.201864049595465,1.0,1.0,0.7474569660010312,0.4,0.297568631250419,0.8286675051553439,0.46,0.4601128964332756,LASSO
0.20918506410357215,1.0,0.9999356403334302,0.9530894429742932,0.8,0.6534197353312762,0.9999202880799931,0.81,0.45365027700784705,QUANTILEREGRESSOR
0.201864049595465,1.0,0.9999999999964899,0.9521787007214054,0.6,0.2665879884484612,0.9468004167319779,0.79,0.45593560137556294,QUANTILEREGRESSOR
0.20918506410357215,1.0,0.999992652108825,0.9897739194812457,0.6,0.5848021363366308,0.947768191434887,0.98,0.4533553374086977,XGBRegressor
0.201864049595465,1.0,0.9999999999999432,0.8735590298739917,0.4,0.26862167699397604,0.9916848115819786,0.68,0.4530265927691635,XGBRegressor
0.20248125264099254,1.0,0.971183427403808,0.9272396000218457,0.6,0.34530473333485157,0.7462736059630217,0.73,0.45280332631370873,HUBERREGRESSOR
0.201864049595465,1.0,1.0,0.9189150230474188,0.4,0.30139366479100343,0.9999999319623398,0.79,0.4588978543501706,QUANTILEREGRESSOR
0.20918506410357215,1.0,0.999511387469863,0.8039438862663347,0.4,0.6399551292072545,0.9908699908641798,0.46,0.4521845852179657,LinearSVR
0.20918506410357215,1.0,0.9874214983808752,0.9926631778706583,0.4,0.625913830155967,0.9999464561680524,0.98,0.46596758918066383,LinearSVR
0.201864049595465,1.0,1.0,0.9538352855617133,0.6,0.30207572476996214,0.9999999650531414,0.78,0.45573483457449343,XGBRegressor
0.30719446284562746,1.0,0.8219375376990934,0.979426203319368,0.6,0.6434025087982546,0.9947164780944558,0.93,0.46314096578850894,LASSO
0.20918506410357215,1.0,0.9998987073165515,0.9396849321760404,0.6,0.8388522051869244,0.5849035141596025,0.81,0.46595812343680953,XGBRegressor
0.201864049595465,1.0,0.999999959324584,0.9886548703002744,0.4,0.3467958026835834,0.9999921938253256,0.85,0.4548257294428214,HUBERREGRESSOR
0.20918506410357215,1.0,0.9988562035309653,0.8437773282275237,0.8,0.6569579115706079,0.9998889516215618,0.72,0.4546805875611171,LASSO
0.201864049595465,1.0,1.0,0.9269585005685563,0.6,0.3330740336389296,0.9999848823678685,0.84,0.45437693020285963,XGBRegressor
0.20918506410357215,1.0,0.9999779605817531,0.9720609453213888,1.0,0.6517957481944479,0.9999995999419677,0.89,0.464437741829697,XGBRegressor
0.20918506410357215,1.0,0.9999932512725634,0.9276862554523472,0.6,0.682669153694522,0.9996322460460393,0.79,0.4539994470175883,XGBRegressor
0.201864049595465,1.0,0.9999704117209139,0.677346254125658,0.6,0.3074439726076795,0.9094954082749284,0.63,0.4519496948864612,HUBERREGRESSOR
0.201864049595465,1.0,0.8042603975958954,0.8800560419885806,0.6,0.5188682161888332,0.9999989880258506,0.65,0.40121686637525694,HUBERREGRESSOR
0.20918506410357215,1.0,1.0,0.980861787322741,0.6,0.9415450085988233,0.999999999999919,0.61,0.4557179026434573,LASSO
0.201864049595465,1.0,0.9999999997546212,0.9345124979872241,0.6,0.3245624376622994,0.9570633651977547,0.78,0.46554036189007236,XGBRegressor
0.201864049595465,1.0,0.9999999625342049,0.8930708757365581,0.4,0.3357422630671185,0.9916451916077484,0.84,0.45394504637028316,XGBRegressor
0.201864049595465,1.0,0.9999999999999858,0.90410229673852,0.4,0.3328530914640661,0.9999999938504587,0.77,0.4648186508994536,XGBRegressor
0.20918506410357215,1.0,0.9999961780160754,0.9923874817835052,0.8,0.6145551987576641,0.9994135679371258,0.99,0.4530253101015613,LinearSVR
0.2289832166145076,1.0,0.6657959057215201,0.4366387255457546,0.6,0.6565884677714863,0.9876887834428284,0.36,0.45525788146422047,XGBRegressor
0.201864049595465,1.0,0.514661646742571,0.9044078443546162,0.6,0.25003759126456926,0.9999999999860516,0.75,0.4560484093795594,QUANTILEREGRESSOR
0.20918506410357215,1.0,0.9999843210552575,0.972744425888564,0.8,0.6486002288101301,0.9999985768647242,0.89,0.4554743793586395,LinearSVR
0.201864049595465,1.0,0.9999999999999858,0.9174856736649778,0.4,0.2886021020104823,0.8785229179657635,0.79,0.45290156920286295,HUBERREGRESSOR
0.201864049595465,1.0,0.40376373484929046,0.9098183143027233,0.6,0.4324186547726938,0.9977456043512412,0.76,0.4611593295760282,LinearSVR
0.20918506410357215,1.0,0.9968384079571079,0.9493134769592754,0.8,0.321846919695263,1.0,0.73,0.45203893437013376,LASSO
0.20918506410357215,1.0,0.9296938997688874,0.9278987185279871,0.4,0.7630329505358618,0.9992754827314014,0.76,0.46448454676404205,XGBRegressor
0.201864049595465,1.0,0.9999999999475477,0.9773524285691225,0.4,0.2831420836458505,0.9996359364035027,0.84,0.45249422605629525,HUBERREGRESSOR
0.20248125264099254,1.0,1.0,0.981396891187315,0.8,0.31032421509163893,0.9995408941697005,0.84,0.4606867260894431,XGBRegressor
0.201864049595465,1.0,0.9999999995983728,0.9266336752674434,0.6,0.5214168534194481,0.9999997347801337,0.85,0.449276845393731,XGBRegressor
0.20918506410357215,1.0,0.9999914380947708,0.980352448751633,0.8,0.6210154419827143,0.999999685326654,0.89,0.4605075851466542,XGBRegressor
0.20918506410357215,1.0,0.9851622154007533,0.9720871957613723,0.4,0.6062227218014978,0.9224826433592815,0.9,0.452404990088903,HUBERREGRESSOR
0.20918506410357215,1.0,0.9999991396893654,0.9931070241528903,0.6,0.6235283325684646,0.999987777370914,1.0,0.46161389032074707,XGBRegressor
0.201864049595465,1.0,0.679992970992177,0.9106852653523109,0.4,0.30938169172233704,0.8593726845655251,0.74,0.45256866040356875,XGBRegressor
0.30719446284562746,1.0,0.6694600844247733,0.9848948175424707,0.8,0.6892713581980694,0.9754887510225112,0.86,0.45364931161497307,XGBRegressor
0.20248125264099254,1.0,1.0,0.9999640134136744,0.4,0.3619683227133235,0.9999985245698122,0.67,0.4012042871000616,LASSO
0.201864049595465,1.0,0.9999999993129336,0.9238937914852108,0.4,0.32821485435713404,0.8401926488516418,0.8,0.455771852383895,XGBRegressor
0.20918506410357215,1.0,0.9984240167186934,0.9764893746289088,0.8,0.6812667965854924,0.9999976069290344,0.91,0.45546713454337345,XGBRegressor
0.201864049595465,1.0,0.9999992960459201,0.9291879455666968,0.4,0.39622884448805246,0.9999876904186977,0.85,0.4023586025292548,XGBRegressor
0.201864049595465,1.0,0.9757766639492307,0.9416867792662825,0.8,0.36504448673782197,0.9999999976802312,0.91,0.4553309589243749,HUBERREGRESSOR
0.20918506410357215,1.0,0.9999968998990475,0.9899958557221608,1.0,0.6546563617564171,0.9999962363570916,1.0,0.45531640267263335,XGBRegressor
0.201864049595465,1.0,0.7786562738597073,0.9266597427450091,0.6,0.40127193150651463,1.0,0.58,0.2823774018049566,LinearSVR
0.20918506410357215,1.0,0.9999754229237945,0.9828686527985687,0.6,0.598782714483363,0.9998310041204967,0.94,0.4516453733972746,LASSO
0.201864049595465,1.0,0.9999999999985931,0.9782285962941637,0.4,0.2925347538668819,0.9957131158635921,0.9,0.4525277034853489,XGBRegressor
0.201864049595465,1.0,1.0,0.8993727628580365,0.6,0.3285022805061893,0.9976159816495268,0.81,0.4646015621192521,QUANTILEREGRESSOR
0.201864049595465,1.0,0.9990862548356045,0.879060274255425,0.4,0.3090103608715481,0.9999999999999984,0.69,0.45687305571714293,QUANTILEREGRESSOR
0.201864049595465,1.0,0.9999996992385033,0.9236995074687779,0.6,0.30671978824575574,0.9514047595588493,0.82,0.45198265769997464,LinearSVR
0.201864049595465,1.0,0.9999999999998579,0.4906385449662354,0.4,0.3209308747001103,0.8706072853689619,0.63,0.46570450504516364,XGBRegressor
0.201864049595465,1.0,0.9999999238155539,0.9312164795215092,0.4,0.3369060711129195,0.7597576178006131,0.76,0.4531336927720856,XGBRegressor
0.201864049595465,1.0,1.0,0.9179101945600994,0.4,0.31536645292041215,0.9999999656850399,0.69,0.46210590974695454,LinearSVR
0.201864049595465,1.0,1.0,0.9538750376986304,0.6,0.29291749376885085,0.5060736209857598,0.74,0.4567519628521511,LASSO
0.20918506410357215,1.0,0.9999025937343805,0.9940771383055115,0.8,0.6342127197187859,0.9958084670477556,0.94,0.4546984848607648,XGBRegressor
0.20918506410357215,1.0,0.9998834908283439,0.985283112309451,0.6,0.6110139135899267,0.9999993745397759,0.99,0.46155007160583195,HUBERREGRESSOR
0.2289832166145076,1.0,0.9767677207858558,0.9603651095978671,0.8,0.5947812796382421,0.9997900930731788,0.92,0.46644147913636974,XGBRegressor
0.2289832166145076,1.0,0.9930911330579849,0.9879662959712376,0.6,0.7089477406729985,0.9999969844872889,0.93,0.46539543183902166,QUANTILEREGRESSOR
0.201864049595465,1.0,0.9999999999999716,0.785260516507525,0.6,0.2709027683869738,0.7080488459889221,0.81,0.4543805445854961,LinearSVR
0.201864049595465,1.0,0.923956908977599,0.8320260314706676,0.6,0.4909234708535153,0.9999808138023792,0.79,0.45679624188318924,LinearSVR
0.20918506410357215,1.0,0.9922255502790609,0.9884324823950773,0.4,0.635102373543423,0.9999998545396985,0.99,0.4645151146608928,XGBRegressor
0.20918506410357215,1.0,0.9999142183823226,0.9904413338852369,0.6,0.6268959421094322,0.9552081418275888,0.98,0.45333308256356775,XGBRegressor
0.201864049595465,1.0,0.9999999999999147,0.9159062952641633,0.8,0.2535917904722774,0.9294856572107111,0.71,0.45773345167068025,XGBRegressor
0.20248125264099254,1.0,0.9999999999736673,0.9448749742020188,0.8,0.26501581975837335,0.989224760494024,0.8,0.4577441178410008,XGBRegressor
0.2870877114908414,1.0,0.9999999450615478,0.9100435320045807,0.6,0.3474022866194704,0.993696619303342,0.87,0.4583117142137929,XGBRegressor
0.20918506410357215,1.0,0.9480322078683043,0.9296523981263696,0.8,0.6920665232554294,0.9970399269697222,0.62,0.45359737218443796,HUBERREGRESSOR
0.20918506410357215,1.0,0.9999965965413731,0.9921810066715373,0.8,0.6349070285266039,0.9989924701323756,0.98,0.45300265477438234,XGBRegressor
0.20918506410357215,1.0,0.9843488133604836,0.9590259432762103,0.8,0.6832171269050104,0.999278110537538,0.84,0.4529823382585379,XGBRegressor
0.9999902380498523,1.0,0.9868714373082581,0.9483278208544268,0.6,0.7817750770367115,0.9991199555927126,0.66,0.453579894203939,XGBRegressor
0.201864049595465,1.0,1.0,0.9601972679816783,0.4,0.2946161007402338,0.9999993674045,0.67,0.4533006820527004,XGBRegressor
0.201864049595465,1.0,0.9999999999031814,0.8863354016831582,0.6,0.293795718162831,0.47787336630279176,0.63,0.4522482787893041,XGBRegressor
0.20918506410357215,1.0,0.9999967341105571,0.9824658508576884,0.8,0.6014919183273797,0.987297115664793,1.0,0.4526940143202491,HUBERREGRESSOR
0.201864049595465,1.0,1.0,0.8298979987673679,0.4,0.2988472775331579,0.9681189230290562,0.58,0.4519183539273832,LinearSVR
0.2289832166145076,1.0,0.9980822368426551,0.9430888352027542,0.6,0.5872466336322293,0.9977709547835446,0.66,0.4540936196584201,LASSO
0.201864049595465,1.0,0.9995870674135036,0.8802928557449547,0.4,0.38280874309631774,1.0,0.81,0.3331098369473405,LinearSVR
0.2870877114908414,1.0,0.8113769587876691,0.9284377475052816,0.8,0.5053661863867754,0.9574471792104743,0.64,0.4528424987762812,XGBRegressor
0.20918506410357215,1.0,0.9998704289175987,0.9896941923071111,0.4,0.5701153701902771,0.9908635788834727,0.99,0.45292180238814356,HUBERREGRESSOR
0.201864049595465,1.0,0.9999999999997158,0.9294292195361407,0.6,0.2577094234628323,0.7966998806979841,0.81,0.45592864006737044,LASSO
0.201864049595465,1.0,1.0,0.9219551512123061,0.4,0.331585005124408,0.9998476027685402,0.73,0.4643080113459795,QUANTILEREGRESSOR
0.2289832166145076,1.0,0.9905348225451205,0.9908863612509402,0.6,0.6259549534146294,0.999999888898551,0.96,0.46606930802024393,XGBRegressor
0.2289832166145076,1.0,0.9955025187305847,0.8572497829162017,0.8,0.6054508472466258,0.9999531596964518,0.63,0.45552770161665374,LASSO
0.201864049595465,1.0,0.9240112818373805,0.9787562453631286,0.6,0.2337738377273358,0.9999999999866127,0.7,0.4560755286809517,XGBRegressor
0.201864049595465,1.0,0.9995131670885187,0.7682237439031638,0.6,0.43260351256384755,0.8694438625800152,0.64,0.4542247186482468,LASSO
0.20918506410357215,1.0,0.9999516885150677,0.9872913464179432,0.6,0.6590800490801203,0.9903594978006584,0.9,0.4542322520665286,XGBRegressor
0.2870877114908414,1.0,0.9685550004735244,0.9141495629621893,0.4,0.45766868437405356,0.9999999985879529,0.78,0.4588554166953921,HUBERREGRESSOR
0.20918506410357215,1.0,0.971452518021197,0.9559796832630363,0.4,0.5338530709933493,0.8899594486871828,0.82,0.45296052851505153,LinearSVR
0.201864049595465,1.0,0.9999999999999858,0.98176298336437,0.6,0.2697540541878064,0.9960203610377883,0.94,0.45461219476830544,XGBRegressor
0.20918506410357215,1.0,0.5886935897576066,0.991740861728359,0.4,0.714603429846155,0.999999656964937,0.86,0.4644415167009362,LinearSVR
0.2289832166145076,1.0,0.9996154996889932,0.9926966451013249,0.8,0.6524357899823808,0.9999853761990818,1.0,0.45548948358372743,LASSO
0.20248125264099254,1.0,1.0,0.9132905722943653,0.6,0.2703350687500874,0.7304123855883629,0.8,0.45438122988574625,LASSO
0.201864049595465,1.0,0.5869597454219344,0.91968418422397,0.6,0.3450790075590201,0.7949725880827673,0.76,0.46299009671624475,XGBRegressor
0.201864049595465,1.0,0.9767897855656555,0.5466416284192213,0.4,0.29611317440678353,0.9999999999983133,0.46,0.45913385440122917,HUBERREGRESSOR
0.201864049595465,1.0,0.9993415174486067,0.8930688631570453,0.4,0.34185856830075323,0.7950521261735517,0.67,0.4557718853300403,HUBERREGRESSOR
0.20918506410357215,1.0,0.9940494559515339,0.9867626015729649,0.6,0.6489853764739084,0.999998950800096,0.95,0.46606214821171243,LASSO
0.20248125264099254,1.0,0.9999997536915847,0.8780490494666916,0.4,0.40949352818255647,0.9999999999999958,0.73,0.4304780046563202,QUANTILEREGRESSOR
0.20918506410357215,1.0,0.9998624223805288,0.9833610139583591,0.6,0.567587357257849,0.9981303353206216,0.96,0.45170603009604526,XGBRegressor
0.201864049595465,1.0,1.0,0.8010425955588294,0.6,0.3243336299859442,0.986399457842869,0.61,0.46326932954290284,HUBERREGRESSOR
0.30719446284562746,1.0,0.5812538276593101,0.9912928723054678,0.8,0.5970369537390927,0.7942423693761904,0.95,0.45475711219413545,XGBRegressor
0.201864049595465,1.0,0.9999999999969305,0.8505841953777518,0.8,0.3187226416280545,0.9760032994053687,0.65,0.4529211187541112,LinearSVR
0.20248125264099254,1.0,0.9999998623157561,0.9285297699260854,0.2,0.2824230727380406,0.9999019685345742,0.68,0.453044862478799,LASSO
0.20918506410357215,1.0,0.9997573257856543,0.8843942974926805,0.6,0.741048641159284,0.5158223662035882,0.64,0.45362933776196873,XGBRegressor
0.20918506410357215,1.0,0.9999918917157257,0.9791564607643845,0.6,0.5375049032742306,0.9992347705063174,0.96,0.45171164163158917,XGBRegressor
0.201864049595465,1.0,0.9999999999996589,0.9274643923997411,0.6,0.3245159403093332,0.9976288975600288,0.87,0.4665121115108713,XGBRegressor
0.20918506410357215,1.0,0.999872721321656,0.5704810065272963,0.4,0.6515548256919704,0.9971171059316923,0.46,0.4586781051535577,XGBRegressor
0.20918506410357215,1.0,0.9994007918738944,0.9514250531631757,0.8,0.6466854457687136,0.9999957502964693,0.91,0.45549419429318355,HUBERREGRESSOR
0.201864049595465,1.0,0.9834716992045737,0.9501075950183956,0.8,0.3883078918367677,0.9999999970318398,0.85,0.4553470744010007,LASSO
0.201864049595465,1.0,0.9894730984787842,0.9652422494259605,0.6,0.30471684253121123,0.999999999999998,0.86,0.41314124403659935,LinearSVR
0.201864049595465,1.0,1.0,0.46015521459156716,0.8,0.305611037247735,0.9984799979645137,0.34,0.4590876354696715,XGBRegressor
0.30719446284562746,1.0,0.6904864984437861,0.9853764212796232,0.4,0.6106379004430298,0.6431070116976354,0.93,0.45263391612444703,XGBRegressor
0.2870877114908414,1.0,0.9999997396793586,0.8195115940318182,0.2,0.2897419330650037,0.9999744941547859,0.38,0.45305244761974384,HUBERREGRESSOR
0.20918506410357215,1.0,0.9976947900067847,0.952092370631832,0.6,0.5945618497488719,0.9981216324382177,0.87,0.4556461705591969,LinearSVR
0.20918506410357215,1.0,0.999957844611829,0.3388401376565152,0.8,0.7415764151296248,0.9999951627709133,0.3,0.4525461797243587,QUANTILEREGRESSOR
0.2289832166145076,1.0,0.9999816619512542,0.9792258037397503,1.0,0.4862829215088806,0.9855645015126565,0.95,0.4548905534966219,HUBERREGRESSOR
0.20918506410357215,1.0,0.7690538584457739,0.9873054163145565,0.8,0.6164923455834486,0.999997807480644,0.94,0.4484787139041306,HUBERREGRESSOR
0.201864049595465,1.0,0.9999995057612039,0.8184211130076514,0.6,0.3631349016084358,0.9998272984544172,0.78,0.401227568987312,LASSO
0.20248125264099254,1.0,1.0,0.8580966417752062,0.4,0.2832620767241661,0.94659382755914,0.75,0.4519370339521908,XGBRegressor
0.2870877114908414,1.0,0.9999505358839315,0.6149719641077896,0.4,0.42011293370205405,0.999999999999537,0.43,0.44984462105695777,HUBERREGRESSOR
0.201864049595465,1.0,0.9999999999899529,0.8861658455873556,0.6,0.28669903157527116,0.9502892917587723,0.6,0.45438028773662487,XGBRegressor
0.201864049595465,1.0,0.9339316599040971,0.8870150997149867,0.4,0.4102606753894055,0.9999928897412936,0.65,0.4545001223372242,LASSO
0.20918506410357215,1.0,0.9990470407540253,0.9926770025962504,0.6,0.6283641647400923,0.9999919685540333,0.94,0.4654264472792487,HUBERREGRESSOR
0.201864049595465,1.0,0.9999999999998863,0.9695888784510235,0.6,0.25823023556776015,0.7908668129805085,0.84,0.45592845477038285,LinearSVR
0.20918506410357215,1.0,0.9999989305411708,0.993065433142444,0.8,0.6045441198994191,0.9999139226402051,1.0,0.45804516825285574,LinearSVR
0.201864049595465,1.0,0.9714708439824788,0.9159281387261229,0.6,0.3323196924687764,0.9999999999994977,0.67,0.435570927957192,HUBERREGRESSOR
0.201864049595465,1.0,0.9999996231331778,0.9393144426969425,0.8,0.39977479162367735,0.8005003581996106,0.68,0.45959745305804517,XGBRegressor
0.20918506410357215,1.0,0.9999958370687487,0.9879022845511993,0.6,0.6074076763360354,0.9988492879168726,1.0,0.4565119383072876,HUBERREGRESSOR
0.2870877114908414,1.0,0.5720651122843236,0.9435322313645746,0.4,0.47654619860914876,0.9696642932808358,0.69,0.4557914348051106,XGBRegressor
0.2289832166145076,1.0,0.9999810189421141,0.9758488498585028,0.8,0.6700176032849277,0.9999874485289689,0.85,0.45465290567329963,XGBRegressor
0.2289832166145076,1.0,0.9611900410567736,0.9879295891072208,0.6,0.708196968484313,0.9027238967410003,0.88,0.45209508662588205,XGBRegressor
0.201864049595465,1.0,0.9999999999999858,0.9326383288651034,0.4,0.27563422058327847,0.9683799919977437,0.69,0.45301446037850207,XGBRegressor
0.201864049595465,1.0,0.9999984468999353,0.8933044200301351,0.6,0.34537878680550566,0.9986899842820883,0.74,0.4485621757802311,ELASTICNETCV
0.201864049595465,1.0,0.9999999995347366,0.9573471018756201,0.6,0.33843954096922146,0.5940234333118356,0.67,0.46654579521373646,HUBERREGRESSOR
0.201864049595465,1.0,0.9807429006786672,0.9067920457996232,0.2,0.2973822968932649,0.9999999999690841,0.78,0.45988762175764564,XGBRegressor
0.201864049595465,1.0,0.9867114968269861,0.6512176665994293,0.8,0.3907759671711321,0.9899442802043782,0.47,0.460562569898508,LASSO
0.201864049595465,1.0,0.9999999999914451,0.9680277919207779,0.4,0.40109459813607845,0.9999995305919339,0.87,0.40120246196479353,XGBRegressor
0.201864049595465,1.0,0.9998384906117809,0.9002904324478875,0.4,0.35727196808274053,0.9999999047551023,0.77,0.4408918111692335,XGBRegressor
0.20248125264099254,1.0,0.9999999999999858,0.9483839206391163,0.6,0.2626812049511562,0.8744345976361497,0.71,0.45592701337009456,LASSO
0.201864049595465,1.0,0.6628246264435746,0.4303730597510448,0.4,0.6120616589766487,0.671693324727074,0.33,0.4522876507511424,XGBRegressor
0.201864049595465,1.0,0.9999999999996874,0.9317394458569899,0.6,0.3637530891894037,0.9999991371836342,0.9,0.4492750149508946,HUBERREGRESSOR
0.20918506410357215,1.0,0.9999585651627542,0.9841656788115931,0.6,0.6124769117799077,0.9999918869373644,0.97,0.4519304081875895,HUBERREGRESSOR
0.30719446284562746,1.0,0.5178281525616103,0.9926518950526357,0.8,0.6111056381453381,0.9999970906549533,0.97,0.4530760244559955,HUBERREGRESSOR
0.201864049595465,1.0,0.9999999999746194,0.9913837661761169,0.6,0.29013481802058516,0.5081182890175439,0.91,0.45423745130902987,HUBERREGRESSOR
0.2289832166145076,1.0,0.8318353061640997,0.923283899007098,0.4,0.696616885724684,0.999979741418716,0.72,0.4644238450118068,HUBERREGRESSOR
0.20918506410357215,1.0,0.8701567448520663,0.9160584974298156,0.8,0.6759768360427352,0.9996152929787966,0.5,0.4529806182121075,HUBERREGRESSOR
0.201864049595465,1.0,0.5477541422481648,0.9010696978313546,0.4,0.3650836870409006,0.6938076884698859,0.68,0.45312027222213236,HUBERREGRESSOR
0.20918506410357215,1.0,0.9999825261376029,0.9359158366048873,0.4,0.8666913167595368,0.9999999938054633,0.67,0.4518772176414325,XGBRegressor
0.201864049595465,1.0,0.9999999781637003,0.9606136046089917,0.8,0.38473406742027944,0.9999999832089294,0.93,0.45534672591716346,XGBRegressor
0.20248125264099254,1.0,1.0,0.9999277246218117,0.4,0.29850051629352414,0.935746644143262,0.5,0.4539551171201364,XGBRegressor
0.2289832166145076,1.0,0.9901061602115415,0.9234297678432625,0.6,0.5209565584002162,0.898165709021188,0.62,0.45570965676563485,XGBRegressor
0.201864049595465,1.0,0.9999999999991047,0.9240241631165174,0.6,0.39882727758812153,0.9999963126995834,0.83,0.4484970725149273,LASSO
0.201864049595465,1.0,0.9999999998437659,0.6609477826454976,0.8,0.3471197388727616,0.9660219265552804,0.6,0.45911367543091863,XGBRegressor
0.20918506410357215,1.0,0.999958102498303,0.9874214060272422,0.6,0.655061451168758,0.999999604310795,0.96,0.4543543183957317,XGBRegressor
0.20918506410357215,1.0,0.9950308384695118,0.972174351092032,0.4,0.2861765604062148,1.0,0.76,0.44413788354732425,HUBERREGRESSOR
0.20918506410357215,1.0,0.984290088042621,0.9840106289358385,0.6,0.5685275080273929,0.9994712033649557,0.91,0.45039097985695087,HUBERREGRESSOR
0.2289832166145076,1.0,0.9999318973973783,0.9825837513658576,0.4,0.5824355493515124,0.9999392663670559,0.95,0.45206184955358436,HUBERREGRESSOR
0.20918506410357215,1.0,0.9902577475960093,0.5744704143751105,0.6,0.4110155468936771,0.9999937179078786,0.28,0.4561839545965368,LinearSVR
0.201864049595465,1.0,1.0,0.9030657921191125,0.4,0.3047314583921798,0.9999999748240771,0.75,0.4589065964764577,XGBRegressor
0.20918506410357215,1.0,0.9999999979862793,0.9909520345787977,0.6,0.575162085626805,0.9972981017689888,0.86,0.4556297280790314,XGBRegressor
0.201864049595465,1.0,0.9999991992370889,0.9548804150470374,0.6,0.25980459035835374,0.43381773011516833,0.67,0.45427012071953127,HUBERREGRESSOR
0.20918506410357215,1.0,0.9999918819847088,0.9858452960136882,0.8,0.5699958663447019,0.9999844850107521,0.92,0.45552083625959067,XGBRegressor
0.201864049595465,1.0,0.9999999999895266,0.8568853088431618,0.6,0.4037614718450546,0.9999998844004436,0.72,0.44926212910664487,XGBRegressor
0.2870877114908414,1.0,0.9999998134615741,0.8153430869406635,0.4,0.33255714330204267,0.9988969651331485,0.63,0.45499405998011583,HUBERREGRESSOR
0.201864049595465,1.0,0.9867499891457805,0.8591587770666406,0.4,0.3690210561147844,1.0,0.66,0.4184999838977959,XGBRegressor
0.201864049595465,1.0,0.9999999999999858,0.9023743716721853,0.4,0.2798851746479699,0.5862442272546506,0.64,0.45236904028013875,LinearSVR
0.201864049595465,1.0,0.9999999999795506,0.992480332855535,0.6,0.29393192746926816,0.5302914587521187,0.93,0.4542364795513336,LinearSVR
0.201864049595465,1.0,1.0,0.887349796514805,0.6,0.30773311714155976,0.8250945736393398,0.77,0.46184378336903403,XGBRegressor
0.201864049595465,1.0,0.65253953178245,0.8336185598392669,0.4,0.45083863826410225,0.9426571693137975,0.75,0.45256445807025697,XGBRegressor
0.20918506410357215,1.0,0.9996301415536634,0.9777556340459541,0.6,0.5709355275467063,0.9996723489306972,0.91,0.4519783139117471,LinearSVR
0.20918506410357215,1.0,0.9732356810564221,0.7232727243148254,0.6,0.32313350500659305,0.9999999999999964,0.46,0.27910266865189043,XGBRegressor
0.20248125264099254,1.0,0.9999588627844689,0.9413566616806339,0.6,0.49098996691677443,0.9914722730505453,0.73,0.4540489874283459,HUBERREGRESSOR
0.20248125264099254,1.0,1.0,0.9999850726041744,0.6,0.3437981597876177,0.9999589319786971,0.67,0.4543842192627119,XGBRegressor
0.2289832166145076,1.0,0.9785082437611217,0.7955211703149713,0.6,0.6851356373460131,0.999999937514125,0.33,0.4555919596334672,HUBERREGRESSOR
0.20248125264099254,1.0,0.9962045892726238,0.9452907416900881,0.6,0.29867351231037836,0.9930890395593278,0.79,0.45427980838414667,XGBRegressor
0.2870877114908414,1.0,0.9999999034821674,0.9999795394426821,0.4,0.2927521576763374,0.9999767071932607,0.59,0.45305248849403335,HUBERREGRESSOR
0.201864049595465,1.0,1.0,0.9374477837308903,0.4,0.36197067788527715,0.9999982601961321,0.8,0.4012045036161404,XGBRegressor
0.20918506410357215,1.0,0.999957460731694,0.9214740088009784,0.4,0.6842098150099435,0.9984239881232136,0.94,0.461905743687897,XGBRegressor
0.201864049595465,1.0,1.0,0.9458845302980634,0.6,0.2758969663249777,0.632170526295632,0.75,0.45338912524554986,XGBRegressor
0.9999948247178916,1.0,0.9999999531053458,0.9683289733932794,0.4,0.3436796903619299,1.0,0.76,0.3615285346189062,XGBRegressor
0.20918506410357215,1.0,0.9999821054357158,0.9929682834135664,0.6,0.6215859540955477,0.9999964853725686,0.97,0.46604826791592313,LASSO
0.201864049595465,1.0,0.9999999999938183,0.8932821475350134,0.6,0.34875040284876746,0.9999999984757826,0.68,0.46616427082131884,XGBRegressor
0.201864049595465,1.0,0.9999999998526334,0.9510037346742999,0.6,0.3354415770899564,0.9798733425829368,0.39,0.461219146537485,HUBERREGRESSOR
0.201864049595465,1.0,0.9999999982227621,0.9499098817251925,0.4,0.28653347836746124,0.9594988405661289,0.82,0.4531970079178254,XGBRegressor
0.201864049595465,1.0,0.9999999999928377,0.979826973537867,0.6,0.2732330662189881,0.9994324298008574,0.89,0.45367606225298057,LinearSVR
0.20918506410357215,1.0,0.999984845300527,0.9878413991431626,0.6,0.5466934522186498,0.9871948430915788,0.95,0.4556577280732258,XGBRegressor
0.20918506410357215,1.0,0.9444442035020417,0.9923169732326995,0.8,0.6532133979462128,0.8293203434941517,0.98,0.4536800232960628,LinearSVR
0.20248125264099254,1.0,0.9999999735870663,0.9557718389597881,0.4,0.3406779134965599,0.9999999862470663,0.87,0.45329737129479497,LASSO
0.201864049595465,1.0,0.9997781363670007,0.7974117997938355,0.4,0.38980591528603825,0.9999999999999998,0.32,0.37947205197987777,LinearSVR
0.20918506410357215,1.0,0.9999797201261001,0.9736796350650233,0.8,0.656996401882745,0.9999843838681621,0.92,0.4546658926082807,XGBRegressor
0.2289832166145076,1.0,0.9999345216858216,0.9826410485821055,0.6,0.6203083900504721,0.999994749703623,0.97,0.4610086060160893,XGBRegressor
0.201864049595465,1.0,0.9999999923783918,0.8516987751928764,0.6,0.30924459931045056,0.9567518529361531,0.72,0.45436625597352376,XGBRegressor
0.20248125264099254,1.0,0.9905410217688039,0.9602040619219963,0.6,0.33846449447956023,0.5171165875906819,0.8,0.45584978679291277,XGBRegressor
0.201864049595465,1.0,0.9999692344775796,0.9827459738310002,0.4,0.3916001247249473,0.9999999999999996,0.64,0.37950092017038906,XGBRegressor
0.201864049595465,1.0,0.9999999936466253,0.8815640423686817,0.6,0.3023731201111622,0.9573861572346086,0.74,0.4543730349637286,XGBRegressor
0.201864049595465,1.0,0.9954612715501646,0.6458345947867331,0.4,0.3624369857423322,1.0,0.3,0.39470837783231427,XGBRegressor
0.20918506410357215,1.0,0.9999982106745143,0.9885352546740375,0.6,0.6063807327286502,0.9999998636389903,0.97,0.45434341850706766,ELASTICNETCV
0.2289832166145076,1.0,0.9999997604278408,0.9906148558152305,0.4,0.634791269435605,0.9999574622509452,0.98,0.45987140738130916,XGBRegressor
0.201864049595465,1.0,0.989537939600441,0.9575442854630836,0.6,0.32282061441362303,0.9999980940338303,0.82,0.45318657210243807,HUBERREGRESSOR
0.20918506410357215,1.0,0.9972461793654137,0.9449497332360974,0.6,0.7906181836476379,0.9999992616298315,0.68,0.45351141767883413,XGBRegressor
0.20918506410357215,1.0,0.9999820284436804,0.981250988840663,0.8,0.6638165395027994,0.9999855128041739,0.92,0.45465775481365395,XGBRegressor
0.20248125264099254,1.0,0.9999999999970868,0.813055850295687,0.8,0.3060106797926519,0.9095210532103027,0.66,0.45295422905341115,LinearSVR
0.201864049595465,1.0,0.9999999999999432,0.9459847586197054,0.6,0.27391833548859484,0.9937519193367326,0.91,0.4536616836730339,LinearSVR
0.201864049595465,1.0,1.0,0.8669488123933883,0.4,0.31600051036280186,0.9719939760794022,0.61,0.46569070788584965,HUBERREGRESSOR
0.201864049595465,1.0,0.999944677098655,0.967448259870208,0.4,0.5768038536885499,1.0,0.7,0.3051851755219745,HUBERREGRESSOR
0.201864049595465,1.0,0.9999999999999432,0.9702617632227188,0.4,0.27660380226375886,0.9864336332973432,0.95,0.4530215124916796,XGBRegressor
0.20918506410357215,1.0,0.9580399400318117,0.46935208661966876,0.6,0.828436647701803,0.5482571398013387,0.31,0.4528275063009379,XGBRegressor
0.20918506410357215,1.0,0.9800926511124706,0.800305107419014,0.4,0.5572437430543492,0.8921160208492624,0.72,0.4501543771698806,XGBRegressor
0.20918506410357215,1.0,0.9916652996723475,0.9922122366922426,0.8,0.6405206271814545,0.9999503616275022,1.0,0.4664313908204831,LinearSVR
0.2289832166145076,1.0,0.9999931966966573,0.9836209927530628,0.4,0.636598147984147,0.9957517344498997,0.89,0.4521723326481458,HUBERREGRESSOR
0.201864049595465,1.0,0.9999999998082814,0.9653012352706855,0.4,0.36644514416752305,0.9999999999478328,0.92,0.46459000391591726,XGBRegressor
0.201864049595465,1.0,0.9999999999975415,0.9554289795478251,0.4,0.2933062732675428,0.9722090557723737,0.84,0.45297675837436535,XGBRegressor
0.20918506410357215,1.0,0.9992101186551765,0.9798805140276429,0.4,0.6119421441362173,0.9999999241254414,0.9,0.4492579922643101,XGBRegressor
0.201864049595465,1.0,0.999999999996092,0.942184477396303,0.4,0.284494478044587,0.652232340450718,0.76,0.4523784160318602,XGBRegressor
0.20918506410357215,1.0,0.9991383752574894,0.9017769454281813,0.6,0.5966733861530641,0.9999998839623297,0.69,0.45670397969409443,LinearSVR
0.201864049595465,1.0,0.9999999999891571,0.9862573030888433,0.6,0.27319367214216095,0.9992148649563503,0.97,0.4546208780459717,QUANTILEREGRESSOR
0.201864049595465,1.0,0.9999992653991965,0.9850067764688996,0.6,0.3138833552005341,0.9928812786906842,0.76,0.4558407115569365,LASSO
0.201864049595465,1.0,0.9999989844700435,0.9800899428303083,0.4,0.3205349094829901,0.9587213184822738,0.8,0.4546320977009918,HUBERREGRESSOR
0.20918506410357215,1.0,0.9999474359619293,0.9027843741588804,0.6,0.7829594258949667,0.9999999996009181,0.36,0.466356052452023,LinearSVR
0.201864049595465,1.0,0.9999999991683808,0.37975045798987384,0.6,0.29398113399681236,0.9401879634797742,0.39,0.45198493036765974,HUBERREGRESSOR
0.201864049595465,1.0,1.0,0.9072885768108734,0.6,0.3297772044579269,0.9999839857598307,0.87,0.45437682342714636,HUBERREGRESSOR
0.201864049595465,1.0,0.999999984032428,0.9678815206789292,0.6,0.5406596316153189,0.9999780825174365,0.8,0.4543859125211786,XGBRegressor
0.20918506410357215,1.0,0.9999999424724438,0.9827788557755693,0.6,0.6391742288524028,0.9997359417111882,0.98,0.45647158956236566,XGBRegressor
0.201864049595465,1.0,0.9999985200282575,0.8784050485659883,0.4,0.3521216190544629,0.9796486056428299,0.63,0.4549617753010951,XGBRegressor
0.20918506410357215,1.0,0.9999954847988207,0.9768408698741855,0.8,0.6062629671884586,0.9999990742775599,0.85,0.4554771005243369,XGBRegressor
0.201864049595465,1.0,0.9999999999999147,0.951373374981183,0.8,0.2513759233038796,0.9259775831008337,0.73,0.4577349154143963,XGBRegressor
0.20918506410357215,1.0,0.979696910201319,0.8405030643345979,0.6,0.5781665468414331,0.9099575113738267,0.66,0.45412010874886527,LASSO
0.201864049595465,1.0,0.9999999999994884,0.9352340889393904,0.6,0.32717143587616376,0.9939218760057227,0.66,0.46120868493655987,LASSO
0.201864049595465,1.0,0.9999999264462671,0.8261173174999025,0.4,0.28417987850609466,0.9936260662246748,0.35,0.45679693292667617,LinearSVR
0.201864049595465,1.0,0.9829263767844862,0.9441077946945394,0.6,0.47920878472166245,0.9989755926673539,0.76,0.45278747848144196,XGBRegressor
0.20248125264099254,1.0,0.5538289927305892,0.953453032649625,0.4,0.4566239021401049,0.6923923337551802,0.8,0.4600551460305688,ELASTICNETCV
0.20918506410357215,1.0,0.8145606764044921,0.9471678087885239,0.8,0.597636014128263,0.9999979218031968,0.84,0.4484791491023423,LinearSVR
0.20918506410357215,1.0,0.9999999670370278,0.9606791017371712,0.6,0.6876428354540898,0.999801904728683,0.84,0.4555324567075037,HUBERREGRESSOR
0.2289832166145076,1.0,0.7809707316704823,0.9182927162908733,0.4,0.48981502283658895,0.8036214304408021,0.8,0.4557550178787179,XGBRegressor
0.2289832166145076,1.0,0.9999987088247999,0.983086306917157,0.6,0.5862611793530098,0.9998109790033982,0.94,0.45164497100366185,QUANTILEREGRESSOR
0.2870877114908414,1.0,0.9999805496241126,0.9473512436924715,0.6,0.3504005562450774,0.9987691572482247,0.89,0.4567623137907398,XGBRegressor
0.30719446284562746,1.0,0.9880580551098834,0.9502508343616136,0.6,0.8065106982575939,0.9840041178693164,0.68,0.4529016916827459,XGBRegressor
0.20248125264099254,1.0,1.0,0.9183275376087806,0.4,0.285497573135677,0.9924527069561767,0.62,0.4557582950990876,LinearSVR
0.201864049595465,1.0,0.9999999999980531,0.9827385779217985,0.8,0.26024874873356557,0.9773743888984844,0.94,0.4577409624522134,LASSO
0.20248125264099254,1.0,1.0,0.9042634022004484,0.6,0.27166530226899616,0.7452956965555493,0.74,0.45438012781984966,XGBRegressor
0.20918506410357215,1.0,0.7023448384005768,0.9524395341236891,0.8,0.7140923622348258,0.9994429269061478,0.81,0.45296412916923046,XGBRegressor
0.201864049595465,1.0,1.0,0.9293773174843615,0.4,0.2743455569444643,0.8501221886496533,0.83,0.4530042840534711,LinearSVR
0.201864049595465,1.0,1.0,0.5766547460498501,0.4,0.30803398681020305,0.997791621768242,0.38,0.4660751530062584,HUBERREGRESSOR
0.20918506410357215,1.0,0.9779569760328022,0.9620946741194657,1.0,0.618184745529946,0.9999813475158821,0.87,0.4589024005053151,LinearSVR
0.20918506410357215,1.0,0.9999216412112708,0.9566675143007447,0.6,0.482693178476001,0.9518096120583456,0.84,0.45571603719047393,LinearSVR
0.20918506410357215,1.0,1.0,0.9350479941953062,0.6,0.9541612987785568,0.9999999999997398,0.71,0.45435109402521084,XGBRegressor
0.201864049595465,1.0,0.9962871596931687,0.9193081505452624,0.6,0.4759475325618055,0.992860447291262,0.8,0.4517713167302751,HUBERREGRESSOR
0.201864049595465,1.0,0.8015013509113814,0.9534387181792203,0.4,0.3176937445773383,1.0,0.67,0.40664436912172974,LASSO
0.20918506410357215,1.0,0.9677184304397491,0.992360611296877,0.8,0.6398426670105274,0.8127182950515703,1.0,0.4536924569976442,XGBRegressor
0.201864049595465,1.0,0.9982623058803652,0.9225442679268094,0.4,0.46516963763596053,0.9484384046452459,0.57,0.45179735938581644,LinearSVR
0.20918506410357215,1.0,0.9938949302182273,0.9906785003375475,0.4,0.6373487471557692,0.9999984785832442,0.95,0.4646927300479109,LASSO
0.20918506410357215,1.0,0.9922421762781228,0.9800695049029499,0.4,0.48766145313015424,1.0,0.77,0.400232018043506,LinearSVR
0.20918506410357215,1.0,0.9999806501200912,0.930439758425181,0.6,0.622137825171242,0.9967459900918493,0.86,0.45425962198537706,HUBERREGRESSOR
0.30719446284562746,1.0,0.5928680545798078,0.9664090620955018,0.8,0.7025633798416423,0.9999844141221509,0.67,0.4530066115981004,ELASTICNETCV
0.201864049595465,1.0,0.9999999960159869,0.9830688487991962,0.6,0.2930591001004491,0.9346963486126393,0.69,0.4519841373550471,LinearSVR
0.201864049595465,1.0,0.9999999760321859,0.9114227625855955,0.4,0.352119668291555,0.9999997680013196,0.72,0.4532666575619146,XGBRegressor
0.201864049595465,1.0,0.9983065296235152,0.8500753789182218,0.4,0.49248196648336806,0.8028959772365379,0.72,0.4525025396789066,XGBRegressor
0.20918506410357215,1.0,0.9999543679175273,0.9888739857083731,0.6,0.6245847927430271,0.999998405359934,0.99,0.4654225041770868,LinearSVR
0.20248125264099254,1.0,0.9999999999999858,0.90550789717044,0.8,0.3285670709596684,0.995227793425212,0.77,0.4528875754015286,XGBRegressor
0.201864049595465,1.0,0.9816905519479413,0.9752923707032077,0.4,0.43486636255323924,0.9219359286909283,0.88,0.45183790565441045,LinearSVR
0.20918506410357215,1.0,0.9995800170231673,0.929111321022067,0.4,0.6894449083576952,0.9999999999938549,0.71,0.44923110622888424,LinearSVR
0.201864049595465,1.0,0.9999726928571244,0.9542073070329504,0.4,0.2510509477788265,1.0,0.72,0.45587520972187057,HUBERREGRESSOR
0.20918506410357215,1.0,0.9973962219544755,0.980699631985789,0.8,0.6392178719598518,0.9999983894483924,0.94,0.4605370998682408,XGBRegressor
0.201864049595465,1.0,1.0,0.7748229366318526,0.6,0.30637375132717304,0.9999922181063238,0.41,0.4615947586035018,XGBRegressor
0.20918506410357215,1.0,0.9999994683776939,0.980006250312616,0.6,0.555250563963125,0.9986499937692526,0.95,0.45408962215814147,HUBERREGRESSOR
0.201864049595465,1.0,0.9999999999996874,0.9673746737413151,0.4,0.336613680868951,0.9999999984212473,0.87,0.464827904780052,HUBERREGRESSOR
0.201864049595465,1.0,0.9280617287301388,0.8642612762055447,0.4,0.3172995083249251,0.9958402597640743,0.81,0.4652531448096039,XGBRegressor
0.201864049595465,1.0,1.0,0.9824556030176453,0.8,0.37676185617997016,0.9999999989582782,0.6,0.45536005858665135,XGBRegressor
0.20918506410357215,1.0,0.9765082692467023,0.9110509688562324,0.6,0.7321912767818796,0.9999992909409171,0.77,0.46117973601814416,LinearSVR
0.201864049595465,1.0,0.999999977009651,0.9166253487403996,0.6,0.280235377095657,0.9902002587309308,0.64,0.4544026138024527,XGBRegressor
0.201864049595465,1.0,1.0,0.9366422953869703,0.6,0.3107497260910422,0.994801269091355,0.85,0.4618094535644955,QUANTILEREGRESSOR
0.201864049595465,1.0,0.9999999999896687,0.9409611079814025,0.8,0.3317477281575829,0.98670194135478,0.62,0.4529009928838178,XGBRegressor
0.201864049595465,1.0,0.9999999664909757,0.9641254306865836,0.6,0.3073373845282031,0.9170949026798122,0.77,0.458639897331452,XGBRegressor
0.20918506410357215,1.0,0.997662776857435,0.9342739595437611,0.6,0.487381705861037,0.9931375950480535,0.65,0.45604707246330306,LASSO
0.201864049595465,1.0,1.0,0.8997407934905378,0.4,0.32718476025147253,0.9999999517767056,0.64,0.4648033011084815,LASSO
0.201864049595465,1.0,0.9975098561398563,0.9612698070817639,0.6,0.2407834830227529,0.9999998330116181,0.81,0.44788238805219366,XGBRegressor
0.201864049595465,1.0,0.48594941725319574,0.9706816745275081,0.4,0.3566975314447086,0.5745919573377406,0.77,0.45230425750769354,LinearSVR
0.201864049595465,1.0,0.7700505370347593,0.5635484747526875,0.4,0.5079452812634806,0.7537694945833713,0.37,0.45244665181805965,HUBERREGRESSOR
0.201864049595465,1.0,0.9999999999999432,0.9438723125832107,0.4,0.32122011310074694,0.8441954222464088,0.87,0.45290365606818284,LinearSVR
0.201864049595465,1.0,0.8298570873498872,0.5460110758947707,0.6,0.5965615769105417,0.9999982263306164,0.35,0.4543833916421178,LASSO
0.201864049595465,1.0,0.9999438345604723,0.8916064234245724,0.4,0.39672625699982733,0.9999999999999742,0.79,0.4304636068703308,HUBERREGRESSOR
0.2289832166145076,1.0,0.9998567674988501,0.9856612798574585,0.4,0.6045586634022274,0.909825954606163,0.97,0.4523886458516047,HUBERREGRESSOR
0.2289832166145076,1.0,0.9997041465299668,0.9817849635336044,0.4,0.5794639678253385,0.9999766094036289,0.89,0.4525539433092247,XGBRegressor
0.201864049595465,1.0,0.9309354843989913,0.8413601030738684,0.6,0.3859278128354723,0.984601617504122,0.7,0.4535627186658174,XGBRegressor
0.201864049595465,1.0,0.9994590821445845,0.9427052305671791,0.6,0.41457115672472716,0.9005803887846708,0.69,0.4557899542492297,HUBERREGRESSOR
0.201864049595465,1.0,0.9999999999959925,0.2879310176691891,0.8,0.25834738269534724,0.8863986839067409,0.32,0.45772808911135093,HUBERREGRESSOR
0.2870877114908414,1.0,0.9216917621645351,0.7076063652318002,0.6,0.34419267433218137,0.9999999996018218,0.7,0.4557545348038804,XGBRegressor
0.20918506410357215,1.0,0.9997998656892524,0.9916616722466041,0.6,0.6485862551398571,0.9656119341736302,0.99,0.45214367303198905,HUBERREGRESSOR
0.201864049595465,1.0,0.9999999999998863,0.8196619479680074,0.4,0.31853709448292217,0.9910194188253233,0.69,0.4660890145242252,LinearSVR
0.2289832166145076,1.0,0.9997626031117971,0.33362107949575787,0.8,0.7450358967570784,0.9178931654768199,0.48,0.45292042407741623,HUBERREGRESSOR
0.201864049595465,1.0,1.0,0.7587183413612714,0.6,0.3030539988511601,0.9477306403285786,0.65,0.4632926073530815,QUANTILEREGRESSOR
0.20918506410357215,1.0,0.9992936738289827,0.9872589409749438,0.6,0.6712042972933682,0.9999999755483723,0.86,0.4615436432395843,LinearSVR
0.2289832166145076,1.0,0.9978179373892884,0.6061341802295404,0.6,0.6117897363198429,0.9986947231591553,0.37,0.45562507628983284,XGBRegressor
0.20918506410357215,1.0,0.9999903449205892,0.9901739369165168,0.4,0.6130055860543072,0.9999987190638951,0.99,0.4642456126379045,XGBRegressor
0.201864049595465,1.0,1.0,0.7355649898626707,0.8,0.32364924362074154,0.9945948437631909,0.51,0.45289151841917974,HUBERREGRESSOR
0.20918506410357215,1.0,0.8348460564195189,0.9833766132499122,0.8,0.61719225574837,0.9999979484975015,0.93,0.44848070036616505,XGBRegressor
0.20918506410357215,1.0,0.9999780303693271,0.9662872992140277,1.0,0.6423118608811196,0.9999995061469594,0.78,0.4644448841866479,LASSO
0.20918506410357215,1.0,0.9998565428627285,0.9822842558941579,0.6,0.6147791425394464,0.9987498995078896,0.86,0.45330427376755394,XGBRegressor
0.20248125264099254,1.0,0.9999999997742606,0.9755701476407048,1.0,0.2749390936442452,0.8270781029377446,0.83,0.4551120225160554,HUBERREGRESSOR
0.201864049595465,1.0,1.0,0.6503035603744718,0.6,0.2985279057663237,0.9999996768015648,0.36,0.45573703927455117,LinearSVR
0.201864049595465,1.0,1.0,0.8164986628933519,0.8,0.30259108786489164,0.9981884170426053,0.27,0.4646091550140104,XGBRegressor
0.201864049595465,1.0,1.0,0.5320355244791184,0.6,0.3286420863508005,0.9975451804101498,0.55,0.46460097359024705,HUBERREGRESSOR
0.2289832166145076,1.0,0.9999301525906304,0.9914773491569622,0.8,0.606818997656527,0.9967173269766441,0.95,0.4548161036073159,HUBERREGRESSOR
0.201864049595465,1.0,1.0,0.9562513604466554,0.4,0.27445929993795676,0.6229566899420733,0.69,0.45264557786797577,XGBRegressor
0.201864049595465,1.0,0.5543508655742648,0.8402839091666775,0.6,0.5421988690131747,0.9999994373399521,0.72,0.43307771956020386,XGBRegressor
0.201864049595465,1.0,0.9582116646373305,0.9328154862537585,0.4,0.3054148588910676,0.84111357761953,0.87,0.4600520487498947,XGBRegressor
0.20918506410357215,1.0,0.9999583849726486,0.963356451517927,0.6,0.6798519833817176,0.9999253563629943,0.91,0.4536244145588595,XGBRegressor
0.20918506410357215,1.0,0.9999903726150612,0.8550869180289682,0.6,0.5417155251319263,0.9949553561453937,0.7,0.455670864603396,HUBERREGRESSOR
0.20918506410357215,1.0,0.9999961114764347,0.9875424357775723,0.4,0.6849904986632053,0.9997023331501853,0.94,0.4618891228282159,LinearSVR
0.20918506410357215,1.0,0.9999434534184222,0.9595273358451605,0.4,0.7897797944306555,0.8947066740682599,0.73,0.46182380282485597,XGBRegressor
0.201864049595465,1.0,1.0,0.9778853079114642,0.6,0.2896685205588389,0.9827683747489409,0.74,0.4522058770771674,HUBERREGRESSOR
0.20918506410357215,1.0,0.9999983410881559,0.941622502851685,0.4,0.6976884555484538,0.9984514341720304,0.78,0.45862510850303767,XGBRegressor
0.20918506410357215,1.0,0.9999991540421743,0.9926795715047735,0.8,0.6443207258451806,0.999117285441299,0.97,0.4554554313936626,LinearSVR
0.20918506410357215,1.0,0.9999224322128403,0.9772843060373042,0.4,0.5663985555710359,0.9999227116801258,0.95,0.45207619911030544,LinearSVR
0.20918506410357215,1.0,0.9969647125851716,0.8005183406890105,0.8,0.6725507217553718,0.9999999874316002,0.64,0.44845084036052024,XGBRegressor
0.20248125264099254,1.0,0.9999999999999716,0.9663177873686212,0.4,0.277681889275658,0.9871280583485259,0.87,0.45302130253583295,XGBRegressor
0.201864049595465,1.0,0.9999999999996874,0.9494987561536375,0.4,0.2928254755549906,0.9704179157603489,0.79,0.452910608133506,HUBERREGRESSOR
0.20248125264099254,1.0,0.9959530453987232,0.9173668211971076,0.4,0.28197312975686395,1.0,0.84,0.4662830576947364,LASSO
0.201864049595465,1.0,0.9999999999925393,0.8867084557265058,0.4,0.35196080462712165,0.9173609945954755,0.8,0.4528703758152093,LinearSVR
0.30719446284562746,1.0,0.7402374119449812,0.9924582409020789,0.8,0.6346695772207622,0.9997920512777135,0.95,0.455522179401592,XGBRegressor
0.201864049595465,1.0,1.0,0.9232195911857354,0.6,0.3277062927097741,0.9897905136621826,0.81,0.46326734094837224,LinearSVR
0.201864049595465,1.0,0.637320946680137,0.8115943702514913,0.4,0.5736941224832279,0.8118464526111672,0.62,0.4527419032165567,LinearSVR
0.20918506410357215,1.0,0.9864733526169648,0.9848105602581717,0.6,0.6683658620449591,0.8439167536231139,0.88,0.4521294676821671,XGBRegressor
0.201864049595465,1.0,0.9999999996431228,0.7785827574709334,0.4,0.29223913916073674,0.9991805917235349,0.6,0.4530292593267918,XGBRegressor
0.201864049595465,1.0,0.9999695607798259,0.9015424355520066,0.6,0.41129112160612563,0.9999997738465568,0.74,0.44926670918839084,QUANTILEREGRESSOR
0.2289832166145076,1.0,0.9072382703727939,0.8929707307727344,0.8,0.6771560394122361,0.9995656065575564,0.63,0.4529703414791258,HUBERREGRESSOR
0.201864049595465,1.0,0.999999998249109,0.9400744516966427,0.4,0.2906005849221983,0.9971796308023706,0.72,0.45302731445565725,LASSO
0.201864049595465,1.0,0.9942240006950681,0.9360578336482356,0.4,0.42570414007437063,0.9249669440156159,0.77,0.45184230282921384,XGBRegressor
0.201864049595465,1.0,1.0,0.9131511123045037,0.6,0.29176863489017996,0.7407194685907437,0.78,0.454965476309181,LinearSVR
0.2289832166145076,1.0,0.9998287642086191,0.9873340109051084,0.8,0.6028089181556652,0.9197769942435554,1.0,0.4527202092952131,LASSO
0.20248125264099254,1.0,1.0,0.8586688440814547,0.4,0.28447657651148134,0.7311477693440228,0.68,0.4528937134062672,LASSO
0.20918506410357215,1.0,0.9999977807706881,0.984592936649207,1.0,0.6119142743681876,0.9999953705760404,0.99,0.45887432902919395,XGBRegressor
0.20918506410357215,1.0,0.9999989549569281,0.990865100714711,0.8,0.6122730861699103,0.9997660397670062,0.93,0.4573973292374141,LASSO
0.201864049595465,1.0,1.0,0.908496636604759,0.6,0.29362609454451,0.6424735925878297,0.75,0.45674309112803035,XGBRegressor
0.201864049595465,1.0,0.999999976589635,0.9742176165411157,0.4,0.2870207438187341,0.9979977128356716,0.8,0.45270234864016823,HUBERREGRESSOR
0.20918506410357215,1.0,0.9999703920527211,0.9896643998619322,0.6,0.651921558376546,0.9999999772236116,0.99,0.44925371285986926,XGBRegressor
0.20918506410357215,1.0,0.9895537669177078,0.9609386900066565,0.4,0.31096591960011044,1.0,0.74,0.3874421582520209,QUANTILEREGRESSOR
0.201864049595465,1.0,0.9999999999997726,0.9551901741858015,0.6,0.35555588143487704,0.9999250473244572,0.78,0.45681597102679317,HUBERREGRESSOR
0.20918506410357215,1.0,0.9992879173578049,0.9903290138662366,1.0,0.6213697316344539,0.9997956154832273,0.99,0.4644682559201712,XGBRegressor
0.201864049595465,1.0,0.978039471526031,0.7140672637100275,0.4,0.35624459014723103,1.0,0.44,0.4569404837975093,XGBRegressor
0.201864049595465,1.0,0.999714602348128,0.8841785244365428,0.8,0.45537287836744417,0.5149297493415185,0.79,0.4528399824200919,XGBRegressor
0.20248125264099254,1.0,0.9999999995323066,0.9656338560775187,0.6,0.29407300641247974,0.560118305456111,0.65,0.4542442662431861,LASSO
0.20918506410357215,1.0,0.9715052975672076,0.986700318847304,0.8,0.6295930892165615,0.999884463470849,0.98,0.46644051076359094,HUBERREGRESSOR
0.201864049595465,1.0,0.7184538716074221,0.9223946747931353,0.2,0.30715105622529293,0.8769830336991558,0.71,0.4537775180187344,XGBRegressor
0.20918506410357215,1.0,0.9407464494302178,0.9661464284763217,0.8,0.6653492821740472,0.9992621421273886,0.89,0.4545239327101247,HUBERREGRESSOR
0.201864049595465,1.0,0.9995504764691799,0.514346754616352,0.6,0.5243158354373548,0.9328111614780676,0.59,0.4541528786156536,HUBERREGRESSOR
0.201864049595465,1.0,1.0,0.978608490702961,0.8,0.3136039128685168,0.9998163838759125,0.28,0.46067242975923667,XGBRegressor
0.20918506410357215,1.0,0.9998541102856292,0.9905142452852054,0.8,0.599417287785679,0.9999360968277795,0.94,0.45553093477457285,LinearSVR
0.201864049595465,1.0,0.9999994998856436,0.8963568180551199,0.4,0.34744604193940043,0.868077927149425,0.65,0.4557660329738851,HUBERREGRESSOR
0.20918506410357215,1.0,0.9999612356310633,0.9338712348208682,0.6,0.7614760146843376,0.9999999998950526,0.67,0.4653622635869013,XGBRegressor
0.201864049595465,1.0,0.999999820551496,0.9944364121221698,0.4,0.30307786793506125,0.9999995080428647,0.74,0.4498025712592431,XGBRegressor
0.201864049595465,1.0,0.9999998202460338,0.9018572565618275,0.4,0.3454421602294069,0.9998190477187484,0.76,0.4538296407228498,LASSO
0.201864049595465,1.0,0.9999999999999858,0.3808399444886005,0.6,0.2709808489913829,0.7355067707731023,0.32,0.4543810472003812,LinearSVR
0.201864049595465,1.0,1.0,0.9845849988808455,0.8,0.31061084046868165,0.999540001910666,0.87,0.46068673473058097,HUBERREGRESSOR
0.2289832166145076,1.0,0.9146109768617954,0.41791858872599286,0.6,0.39631025384151775,0.9999836921504549,0.48,0.44770972762730477,XGBRegressor
0.201864049595465,1.0,0.795845368760184,0.902009847071474,0.6,0.5667558741579123,0.9999999111382559,0.76,0.40121144427765354,LinearSVR
0.20918506410357215,1.0,0.9846823473865579,0.9832160711238439,0.6,0.5684389132224843,0.9823190745473611,0.94,0.4516923023245102,LinearSVR
0.201864049595465,1.0,0.9999999999998721,0.9481128176280376,0.6,0.3427466038762815,0.9998353638509083,0.83,0.43310847772364686,LinearSVR
0.30719446284562746,1.0,0.5057062943724454,0.9928082039834186,0.8,0.6344373010765652,0.6308469794037336,0.98,0.45370339230478757,XGBRegressor
0.20918506410357215,1.0,1.0,0.9823316832767939,0.4,0.5003116689271627,1.0,0.62,0.2950355204981728,LinearSVR
0.201864049595465,1.0,0.9970782263948135,0.5307128565844001,0.6,0.40504972856440385,1.0,0.52,0.2823759552309113,XGBRegressor
0.20248125264099254,1.0,0.9995508421066772,0.9188915454243441,0.4,0.32507125504584533,0.9999999999999913,0.69,0.45490564718300086,XGBRegressor
0.201864049595465,1.0,0.9999932545133554,0.9178979733804101,0.4,0.42467084497862206,0.9999669019395792,0.65,0.4012246474377071,XGBRegressor
0.20918506410357215,1.0,0.8165789134772369,0.9867923653644086,0.8,0.6498417924095596,0.999999554104788,0.85,0.44847312505653597,XGBRegressor
0.20918506410357215,1.0,0.9999957464395463,0.9790029918710549,0.8,0.5690600366492257,0.963229791438674,0.95,0.4527258503486269,XGBRegressor
0.20918506410357215,1.0,0.9993276064008629,0.9053021617892113,0.6,0.5099673159515187,0.8316372822113225,0.78,0.45571651036866173,HUBERREGRESSOR
0.2289832166145076,1.0,0.9664316188845472,0.9938967002249957,0.8,0.6254496577271809,0.9555015979998095,1.0,0.4547272539869357,ELASTICNETCV
0.201864049595465,1.0,1.0,0.9356196419716742,0.4,0.3633070710898876,0.9999982011097589,0.72,0.40120586803206204,XGBRegressor
0.201864049595465,1.0,0.9999999999647287,0.94319185275215,0.6,0.32689686228423037,0.9975579570531509,0.86,0.4616272627447015,XGBRegressor
0.201864049595465,1.0,0.9621033876844832,0.9421856196249779,0.6,0.39977358979261246,0.9999959989373106,0.83,0.4492585983191491,LASSO
0.20918506410357215,1.0,0.9996602273667138,0.9728303257139254,1.0,0.6428221813684717,0.999998171828824,0.93,0.45886743522532075,LinearSVR
